Date,BNF Straddle_gross_PnL,Brokerage,TransactionCharges,ClearingCharges,STT,GST,SEBI,StampDuty,TotalCharges,net_PNL,net_rets,Time,PNL,cum_pnl,month,Date
2020-08-24,563.0434782609,0,0,0,0,0,0,0,0,563.0434782609,0.1876811594,2020-08-24,563.0434782609,563.0434782609,"Aug,2020",2020-08-24
2020-08-25,670.8639705882,160,23.11,13.86,9.71,35.46,0.09,2.77,245,425.8639705882,0.1419546569,2020-08-25,670.8639705882,1233.9074488491,"Aug,2020",2020-08-25
2020-08-26,2437.3880597015,80,11.36,6.81,4.77,17.67,0.05,1.36,122.02,2315.3680597015,0.7717893532,2020-08-26,2437.3880597015,3671.2955085506,"Aug,2020",2020-08-26
2020-08-27,12356.8647540984,80,5.48,3.29,2.3,15.98,0.02,0.66,107.72,12249.1447540984,4.0830482514,2020-08-27,12356.8647540984,16028.160262649,"Aug,2020",2020-08-27
2020-08-28,-1674.3256578947,160,22.22,13.33,9.33,35.2,0.09,2.67,242.83,-1917.1556578947,-0.639051886,2020-08-28,-1674.3256578947,14353.8346047542,"Aug,2020",2020-08-28
2020-08-31,16167.36328125,80,22.02,13.21,9.25,20.74,0.09,2.64,147.94,16019.42328125,5.3398077604,2020-08-31,16167.36328125,30521.1978860042,"Aug,2020",2020-08-31
2020-09-01,-6530.0176056338,80,22.16,13.29,9.31,20.78,0.09,2.66,148.28,-6678.2976056338,-2.2260992019,2020-09-01,-6530.0176056338,23991.1802803704,"Sep,2020",2020-09-01
2020-09-02,10131.4130434783,160,38.23,22.94,16.06,39.81,0.15,4.59,281.77,9849.6430434783,3.2832143478,2020-09-02,10131.4130434783,34122.5933238487,"Sep,2020",2020-09-02
2020-09-03,8729.3597560976,160,22.18,13.31,9.31,35.19,0.09,2.66,242.74,8486.6197560976,2.828873252,2020-09-03,8729.3597560976,42851.9530799462,"Sep,2020",2020-09-03
2020-09-04,8283.6923076923,80,24.55,14.73,10.31,21.47,0.1,2.95,154.11,8129.5823076923,2.7098607692,2020-09-04,8283.6923076923,51135.6453876385,"Sep,2020",2020-09-04
2020-09-07,5673.515625,80,24.55,14.73,10.31,21.47,0.1,2.95,154.11,5519.405625,1.839801875,2020-09-07,5673.515625,56809.1610126385,"Sep,2020",2020-09-07
2020-09-08,4084.375,160,34.31,20.59,14.41,38.68,0.14,4.12,272.25,3812.125,1.2707083333,2020-09-08,4084.375,60893.5360126385,"Sep,2020",2020-09-08
2020-09-09,993.7239583333,160,26.08,15.65,10.95,36.31,0.1,3.13,252.23,741.4939583333,0.2471646528,2020-09-09,993.7239583333,61887.2599709719,"Sep,2020",2020-09-09
2020-09-11,-6178.2208029197,160,26.08,15.65,10.95,36.31,0.1,3.13,252.23,-6430.4508029197,-2.143483601,2020-09-11,-6178.2208029197,55709.0391680522,"Sep,2020",2020-09-11
2020-09-14,-889.1050295858,80,17.18,10.31,7.22,19.35,0.07,2.06,136.18,-1025.2850295858,-0.3417616765,2020-09-14,-889.1050295858,54819.9341384664,"Sep,2020",2020-09-14
2020-09-15,1762.6875,80,17.18,10.31,7.22,19.35,0.07,2.06,136.18,1626.5075,0.5421691667,2020-09-15,1762.6875,56582.6216384664,"Sep,2020",2020-09-15
2020-09-16,-7646.3565340909,80,17.18,10.31,7.22,19.35,0.07,2.06,136.18,-7782.5365340909,-2.5941788447,2020-09-16,-7646.3565340909,48936.2651043755,"Sep,2020",2020-09-16
2020-09-17,605.0454545455,80,17.18,10.31,7.22,19.35,0.07,2.06,136.18,468.8654545455,0.1562884848,2020-09-17,605.0454545455,49541.3105589209,"Sep,2020",2020-09-17
2020-09-18,-268.125,80,17.18,10.31,7.22,19.35,0.07,2.06,136.18,-404.305,-0.1347683333,2020-09-18,-268.125,49273.1855589209,"Sep,2020",2020-09-18
2020-09-21,-546.3997005988,80,17.18,10.31,7.22,19.35,0.07,2.06,136.18,-682.5797005988,-0.2275265669,2020-09-21,-546.3997005988,48726.7858583221,"Sep,2020",2020-09-21
2020-09-22,-1987.4234693878,80,17.18,10.31,7.22,19.35,0.07,2.06,136.18,-2123.6034693878,-0.7078678231,2020-09-22,-1987.4234693878,46739.3623889344,"Sep,2020",2020-09-22
2020-09-23,456.2671232877,80,17.18,10.31,7.22,19.35,0.07,2.06,136.18,320.0871232877,0.1066957078,2020-09-23,456.2671232877,47195.629512222,"Sep,2020",2020-09-23
2020-09-24,2336.1734693878,0,0,0,0,0,0,0,0,2336.1734693878,0.7787244898,2020-09-24,2336.1734693878,49531.8029816098,"Sep,2020",2020-09-24
2020-09-25,186.2804878049,0,0,0,0,0,0,0,0,186.2804878049,0.0620934959,2020-09-25,186.2804878049,49718.0834694147,"Sep,2020",2020-09-25
2020-09-28,7119.7593167702,80,20.42,12.26,8.58,20.28,0.08,2.45,144.07,6975.6893167702,2.3252297723,2020-09-28,7119.7593167702,56837.8427861849,"Sep,2020",2020-09-28
2020-09-29,2375.8112582782,80,20.42,12.26,8.58,20.28,0.08,2.45,144.07,2231.7412582782,0.7439137528,2020-09-29,2375.8112582782,59213.654044463,"Sep,2020",2020-09-29
2020-09-30,-3390.4474431818,80,20.42,12.26,8.58,20.28,0.08,2.45,144.07,-3534.5174431818,-1.1781724811,2020-09-30,-3390.4474431818,55823.2066012812,"Sep,2020",2020-09-30
2020-10-01,5783.5017123288,80,20.42,12.26,8.58,20.28,0.08,2.45,144.07,5639.4317123288,1.8798105708,2020-10-01,5783.5017123288,61606.70831361,"Oct,2020",2020-10-01
2020-10-05,1534.4225543478,80,5.28,3.17,2.22,15.92,0.02,0.63,107.24,1427.1825543478,0.4757275181,2020-10-05,1534.4225543478,63141.1308679578,"Oct,2020",2020-10-05
2020-10-06,-4170.0821167883,160,32.33,19.4,13.58,38.11,0.13,3.88,267.42,-4437.5021167883,-1.4791673723,2020-10-06,-4170.0821167883,58971.0487511695,"Oct,2020",2020-10-06
2020-10-07,-4389.5811518325,80,10.99,6.6,4.62,17.57,0.04,1.32,121.14,-4510.7211518325,-1.5035737173,2020-10-07,-4389.5811518325,54581.467599337,"Oct,2020",2020-10-07
2020-10-08,-5304.0659340659,80,10.99,6.6,4.62,17.57,0.04,1.32,121.14,-5425.2059340659,-1.808401978,2020-10-08,-5304.0659340659,49277.4016652711,"Oct,2020",2020-10-08
2020-10-09,2601.7657342657,160,27.25,16.35,11.44,36.65,0.11,3.27,255.06,2346.7057342657,0.7822352448,2020-10-09,2601.7657342657,51879.1673995368,"Oct,2020",2020-10-09
2020-10-12,2796.1671686747,80,19.76,11.85,8.3,20.09,0.08,2.37,142.45,2653.7171686747,0.8845723896,2020-10-12,2796.1671686747,54675.3345682115,"Oct,2020",2020-10-12
2020-10-13,-4749.7127329193,80,19.76,11.85,8.3,20.09,0.08,2.37,142.45,-4892.1627329193,-1.630720911,2020-10-13,-4749.7127329193,49925.6218352922,"Oct,2020",2020-10-13
2020-10-14,4832.5343406594,80,17.2,10.32,7.22,19.35,0.07,2.06,136.22,4696.3143406593,1.5654381136,2020-10-14,4832.5343406594,54758.1561759516,"Oct,2020",2020-10-14
2020-10-15,-2737.2474093264,80,13.56,8.14,5.7,18.31,0.05,1.63,127.39,-2864.6374093264,-0.9548791364,2020-10-15,-2737.2474093264,52020.9087666252,"Oct,2020",2020-10-15
2020-10-16,-2876.1066878981,80,6.92,4.15,2.91,16.39,0.03,0.83,111.23,-2987.3366878981,-0.995778896,2020-10-16,-2876.1066878981,49144.8020787271,"Oct,2020",2020-10-16
2020-10-19,4937.9667721519,80,8.36,5.02,3.51,16.81,0.03,1,114.74,4823.2267721519,1.6077422574,2020-10-19,4937.9667721519,54082.768850879,"Oct,2020",2020-10-19
2020-10-20,1650.9760273973,80,16.71,10.02,7.02,19.21,0.07,2,135.03,1515.9460273973,0.5053153425,2020-10-20,1650.9760273973,55733.7448782762,"Oct,2020",2020-10-20
2020-10-21,-6260.7120253165,160,29.4,17.64,12.35,37.27,0.12,3.53,260.31,-6521.0220253165,-2.1736740084,2020-10-21,-6260.7120253165,49473.0328529598,"Oct,2020",2020-10-21
2020-10-22,7940.3159340659,80,12.7,7.62,5.33,18.06,0.05,1.52,125.29,7815.0259340659,2.6050086447,2020-10-22,7940.3159340659,57413.3487870257,"Oct,2020",2020-10-22
2020-10-23,1140.475,80,9.74,5.84,4.09,17.21,0.04,1.17,118.09,1022.385,0.340795,2020-10-23,1140.475,58553.8237870257,"Oct,2020",2020-10-23
2020-10-26,3876.3068181818,80,20.36,12.21,8.55,20.26,0.08,2.44,143.9,3732.4068181818,1.2441356061,2020-10-26,3876.3068181818,62430.1306052075,"Oct,2020",2020-10-26
2020-10-27,10191.4161849711,80,20.36,12.21,8.55,20.26,0.08,2.44,143.9,10047.5161849711,3.3491720617,2020-10-27,10191.4161849711,72621.5467901786,"Oct,2020",2020-10-27
2020-10-28,-9249.7706422018,160,32.25,19.35,13.55,38.09,0.13,3.87,267.24,-9517.0106422018,-3.1723368807,2020-10-28,-9249.7706422018,63371.7761479768,"Oct,2020",2020-10-28
2020-10-29,7633.4911242604,160,24.49,14.69,10.29,35.85,0.1,2.94,248.36,7385.1311242604,2.4617103748,2020-10-29,7633.4911242604,71005.2672722371,"Oct,2020",2020-10-29
2020-10-30,-1729.6993670886,160,37.63,22.58,15.8,39.64,0.15,4.52,280.32,-2010.0193670886,-0.6700064557,2020-10-30,-1729.6993670886,69275.5679051485,"Oct,2020",2020-10-30
2020-11-02,1277.4335106383,80,27.95,16.77,11.74,22.45,0.11,3.35,162.37,1115.0635106383,0.3716878369,2020-11-02,1277.4335106383,70553.0014157868,"Nov,2020",2020-11-02
2020-11-03,-319.6417682927,160,46.03,27.62,19.33,42.06,0.18,5.52,300.75,-620.3917682927,-0.2067972561,2020-11-03,-319.6417682927,70233.3596474941,"Nov,2020",2020-11-03
2020-11-04,-2530.6764705882,160,43.71,26.23,18.36,41.39,0.17,5.25,295.11,-2825.7864705882,-0.9419288235,2020-11-04,-2530.6764705882,67702.6831769059,"Nov,2020",2020-11-04
2020-11-05,954.7904191617,80,8.81,5.29,3.7,16.94,0.04,1.06,115.83,838.9604191617,0.2796534731,2020-11-05,954.7904191617,68657.4735960676,"Nov,2020",2020-11-05
2020-11-06,1513.6847014925,80,22.31,13.39,9.37,20.83,0.09,2.68,148.67,1365.0147014925,0.4550049005,2020-11-06,1513.6847014925,70171.1582975601,"Nov,2020",2020-11-06
2020-11-09,356.0188356164,80,19.5,11.7,8.19,20.02,0.08,2.34,141.83,214.1888356164,0.0713962785,2020-11-09,356.0188356164,70527.1771331766,"Nov,2020",2020-11-09
2020-11-10,2212.9428618105,80,17.02,10.21,7.15,19.3,0.07,2.04,135.78,2077.1628618105,0.6923876206,2020-11-10,2212.9428618105,72740.1199949871,"Nov,2020",2020-11-10
2020-11-11,-6793.2240291639,80,17.51,10.5,7.35,19.44,0.07,2.1,136.98,-6930.2040291639,-2.3100680097,2020-11-11,-6793.2240291639,65946.8959658232,"Nov,2020",2020-11-11
2020-11-12,9736.0785333402,80,9.64,5.79,4.05,17.18,0.04,1.16,117.86,9618.2185333402,3.2060728444,2020-11-12,9736.0785333402,75682.9744991634,"Nov,2020",2020-11-12
2020-11-13,10631.9763006252,80,24.36,14.61,10.23,21.41,0.1,2.92,153.63,10478.3463006253,3.4927821002,2020-11-13,10631.9763006252,86314.9507997887,"Nov,2020",2020-11-13
2020-11-17,3079.8655063291,80,18.39,11.04,7.73,19.7,0.07,2.21,139.13,2940.7355063291,0.9802451688,2020-11-17,3079.8655063291,89394.8163061178,"Nov,2020",2020-11-17
2020-11-18,9372.8333333333,80,13.96,8.38,5.86,18.42,0.06,1.68,128.35,9244.4833333333,3.0814944444,2020-11-18,9372.8333333333,98767.6496394511,"Nov,2020",2020-11-18
2020-11-19,-3517.4456521739,80,7.72,4.63,3.24,16.62,0.03,0.93,113.19,-3630.6356521739,-1.2102118841,2020-11-19,-3517.4456521739,95250.2039872772,"Nov,2020",2020-11-19
2020-11-20,-11257.5986999706,80,23.81,14.28,10,21.26,0.1,2.86,152.3,-11409.8986999706,-3.8032995667,2020-11-20,-11257.5986999706,83992.6052873066,"Nov,2020",2020-11-20
2020-11-23,-438.585912706,80,21.84,13.1,9.17,20.69,0.09,2.62,147.51,-586.095912706,-0.1953653042,2020-11-23,-438.585912706,83554.0193746006,"Nov,2020",2020-11-23
2020-11-24,8682.4681528663,80,18.84,11.3,7.91,19.83,0.08,2.26,140.22,8542.2481528663,2.847416051,2020-11-24,8682.4681528663,92236.4875274669,"Nov,2020",2020-11-24
2020-11-25,-7144.1767495726,80,15.14,9.09,6.36,18.76,0.06,1.82,131.23,-7275.4067495726,-2.4251355832,2020-11-25,-7144.1767495726,85092.3107778943,"Nov,2020",2020-11-25
2020-11-26,-8884.1819933191,80,9.64,5.79,4.05,17.18,0.04,1.16,117.86,-9002.0419933191,-3.0006806644,2020-11-26,-8884.1819933191,76208.1287845752,"Nov,2020",2020-11-26
2020-11-27,-5228.7679856115,80,24.12,14.47,10.13,21.35,0.1,2.89,153.06,-5381.8279856115,-1.7939426619,2020-11-27,-5228.7679856115,70979.3607989637,"Nov,2020",2020-11-27
2020-12-01,4195.8176015949,80,20.84,12.51,8.75,20.4,0.08,2.5,145.09,4050.7276015949,1.3502425339,2020-12-01,4195.8176015949,75175.1784005586,"Dec,2020",2020-12-01
2020-12-02,8416.4097744361,80,16.1,9.66,6.76,19.04,0.06,1.93,133.55,8282.8597744361,2.7609532581,2020-12-02,8416.4097744361,83591.5881749947,"Dec,2020",2020-12-02
2020-12-04,8018.9668091095,80,21.81,13.08,9.16,20.68,0.09,2.62,147.44,7871.5268091095,2.6238422697,2020-12-04,8018.9668091095,91610.5549841041,"Dec,2020",2020-12-04
2020-12-07,84.1888449966,80,19.62,11.77,8.24,20.05,0.08,2.35,142.12,-57.9311550034,-0.019310385,2020-12-07,84.1888449966,91694.7438291008,"Dec,2020",2020-12-07
2020-12-08,7058.1084254335,80,17.28,10.37,7.26,19.38,0.07,2.07,136.42,6921.6884254335,2.3072294751,2020-12-08,7058.1084254335,98752.8522545343,"Dec,2020",2020-12-08
2020-12-09,7763.4137535625,80,12.99,7.79,5.46,18.14,0.05,1.56,125.99,7637.4237535625,2.5458079179,2020-12-09,7763.4137535625,106516.266008097,"Dec,2020",2020-12-09
2020-12-10,2538.5280652328,80,7.68,4.61,3.23,16.61,0.03,0.92,113.08,2425.4480652328,0.8084826884,2020-12-10,2538.5280652328,109054.79407333,"Dec,2020",2020-12-10
2020-12-11,6819.7815950267,80,21.17,12.7,8.89,20.5,0.08,2.54,145.88,6673.9015950267,2.224633865,2020-12-11,6819.7815950267,115874.575668356,"Dec,2020",2020-12-11
2020-12-14,3661.2870156142,80,17.89,10.74,7.52,19.55,0.07,2.15,137.92,3523.3670156142,1.1744556719,2020-12-14,3661.2870156142,119535.86268397,"Dec,2020",2020-12-14
2020-12-15,-4747.5803571429,80,15.66,9.39,6.58,18.91,0.06,1.88,132.48,-4880.0603571429,-1.6266867857,2020-12-15,-4747.5803571429,114788.282326828,"Dec,2020",2020-12-15
2020-12-16,2096.1274022204,80,11.92,7.15,5.01,17.83,0.05,1.43,123.39,1972.7374022204,0.6575791341,2020-12-16,2096.1274022204,116884.409729048,"Dec,2020",2020-12-16
2020-12-17,3080.1499449521,80,7.49,4.5,3.15,16.56,0.03,0.9,112.62,2967.5299449521,0.9891766483,2020-12-17,3080.1499449521,119964.559674,"Dec,2020",2020-12-17
2020-12-18,-5659.3673990968,80,18.74,11.25,7.87,19.8,0.07,2.25,139.99,-5799.3573990968,-1.933119133,2020-12-18,-5659.3673990968,114305.192274903,"Dec,2020",2020-12-18
2020-12-21,-13198.0785123967,80,16.88,10.13,7.09,19.26,0.07,2.03,135.44,-13333.5185123967,-4.4445061708,2020-12-21,-13198.0785123967,101107.113762507,"Dec,2020",2020-12-21
2020-12-23,6747.1913536684,80,12.02,7.21,5.05,17.86,0.05,1.44,123.64,6623.5513536684,2.2078504512,2020-12-23,6747.1913536684,107854.305116175,"Dec,2020",2020-12-23
2020-12-24,3025.7254337036,80,6.53,3.92,2.74,16.28,0.03,0.78,110.27,2915.4554337036,0.9718184779,2020-12-24,3025.7254337036,110880.030549879,"Dec,2020",2020-12-24
2020-12-28,4529.2810449753,80,17,10.2,7.14,19.3,0.07,2.04,135.74,4393.5410449753,1.4645136817,2020-12-28,4529.2810449753,115409.311594854,"Dec,2020",2020-12-28
2020-12-29,-3465.061230452,80,14.57,8.74,6.12,18.6,0.06,1.75,129.84,-3594.901230452,-1.1983004102,2020-12-29,-3465.061230452,111944.250364402,"Dec,2020",2020-12-29
2020-12-30,355.5877927247,80,12.56,7.54,5.28,18.02,0.05,1.51,124.95,230.6377927247,0.0768792642,2020-12-30,355.5877927247,112299.838157127,"Dec,2020",2020-12-30
2020-12-31,8065.8673266873,80,7.87,4.72,3.31,16.67,0.03,0.94,113.54,7952.3273266873,2.6507757756,2020-12-31,8065.8673266873,120365.705483814,"Dec,2020",2020-12-31
2021-01-01,4971.3125180832,80,20.4,12.24,8.57,20.28,0.08,2.45,144.02,4827.2925180832,1.609097506,2021-01-01,4971.3125180832,125337.018001897,"Jan,2021",2021-01-01
2021-01-04,2165.0276213661,80,15.63,9.38,6.56,18.9,0.06,1.88,132.41,2032.6176213661,0.6775392071,2021-01-04,2165.0276213661,127502.045623263,"Jan,2021",2021-01-04
2021-01-05,11644.8680804099,80,14.23,8.54,5.97,18.5,0.06,1.71,129,11515.8680804099,3.8386226935,2021-01-05,11644.8680804099,139146.913703673,"Jan,2021",2021-01-05
2021-01-06,-5616.6335088693,80,11.26,6.76,4.73,17.64,0.05,1.35,121.79,-5738.4235088693,-1.9128078363,2021-01-06,-5616.6335088693,133530.280194804,"Jan,2021",2021-01-06
2021-01-07,3958.1692173515,80,6.47,3.88,2.72,16.26,0.03,0.78,110.14,3848.0292173515,1.2826764058,2021-01-07,3958.1692173515,137488.449412155,"Jan,2021",2021-01-07
2021-01-08,-4385.0025684478,80,18.49,11.09,7.77,19.73,0.07,2.22,139.37,-4524.3725684478,-1.5081241895,2021-01-08,-4385.0025684478,133103.446843707,"Jan,2021",2021-01-08
2021-01-11,-4525.7135656603,80,17.87,10.72,7.51,19.55,0.07,2.14,137.86,-4663.5735656603,-1.5545245219,2021-01-11,-4525.7135656603,128577.733278047,"Jan,2021",2021-01-11
2021-01-12,10909.9653225937,80,15.48,9.29,6.5,18.86,0.06,1.86,132.05,10777.9153225937,3.5926384409,2021-01-12,10909.9653225937,139487.698600641,"Jan,2021",2021-01-12
2021-01-13,-7968.502994012,80,11.18,6.71,4.69,17.62,0.04,1.34,121.58,-8090.082994012,-2.6966943313,2021-01-13,-7968.502994012,131519.195606629,"Jan,2021",2021-01-13
2021-01-14,-3776.6013121281,80,5.96,3.58,2.5,16.12,0.02,0.72,108.9,-3885.5013121281,-1.295167104,2021-01-14,-3776.6013121281,127742.594294501,"Jan,2021",2021-01-14
2021-01-15,-3632.0974576271,80,20.52,12.31,8.62,20.31,0.08,2.46,144.29,-3776.3874576271,-1.2587958192,2021-01-15,-3632.0974576271,124110.496836874,"Jan,2021",2021-01-15
2021-01-18,3989.8282442748,80,19.81,11.88,8.32,20.1,0.08,2.38,142.57,3847.2582442748,1.2824194148,2021-01-18,3989.8282442748,128100.325081148,"Jan,2021",2021-01-18
2021-01-19,9638.8032428948,80,16.68,10.01,7,19.2,0.07,2,134.96,9503.8432428948,3.1679477476,2021-01-19,9638.8032428948,137739.128324043,"Jan,2021",2021-01-19
2021-01-20,5584.4634842398,80,10.91,6.55,4.58,17.54,0.04,1.31,120.93,5463.5334842398,1.8211778281,2021-01-20,5584.4634842398,143323.591808283,"Jan,2021",2021-01-20
2021-01-21,-2745.3600663113,80,5.25,3.15,2.21,15.91,0.02,0.63,107.18,-2852.5400663113,-0.9508466888,2021-01-21,-2745.3600663113,140578.231741972,"Jan,2021",2021-01-21
2021-01-22,5992.2289156627,80,19.75,11.85,8.3,20.09,0.08,2.37,142.44,5849.7889156627,1.9499296386,2021-01-22,5992.2289156627,146570.460657634,"Jan,2021",2021-01-22
2021-01-25,3320.6468023256,80,17.62,10.57,7.4,19.47,0.07,2.11,137.25,3183.3968023256,1.0611322674,2021-01-25,3320.6468023256,149891.10745996,"Jan,2021",2021-01-25
2021-01-27,8544.1581632653,80,14.14,8.48,5.94,18.47,0.06,1.7,128.79,8415.3681632653,2.8051227211,2021-01-27,8544.1581632653,158435.265623225,"Jan,2021",2021-01-27
2021-01-28,-6650.9554498499,80,9.93,5.96,4.17,17.26,0.04,1.19,118.55,-6769.5054498499,-2.2565018166,2021-01-28,-6650.9554498499,151784.310173375,"Jan,2021",2021-01-28
2021-01-29,-20688.9012096774,80,31.31,18.79,13.15,23.42,0.13,3.76,170.54,-20859.4412096774,-6.9531470699,2021-01-29,-20688.9012096774,131095.408963698,"Jan,2021",2021-01-29
2021-02-01,17110.3125,80,30.23,18.14,12.7,23.11,0.12,3.63,167.92,16942.3925,5.6474641667,2021-02-01,17110.3125,148205.721463698,"Feb,2021",2021-02-01
2021-02-02,5343.302694979,80,24.36,14.61,10.23,21.41,0.1,2.92,153.63,5189.672694979,1.7298908983,2021-02-02,5343.302694979,153549.024158677,"Feb,2021",2021-02-02
2021-02-03,16292.7904571351,80,20.62,12.37,8.66,20.34,0.08,2.47,144.56,16148.2304571351,5.3827434857,2021-02-03,16292.7904571351,169841.814615812,"Feb,2021",2021-02-03
2021-02-05,-12063.7418478261,80,9.98,5.99,4.19,17.27,0.04,1.2,118.68,-12182.4218478261,-4.0608072826,2021-02-05,-12063.7418478261,157778.072767986,"Feb,2021",2021-02-05
2021-02-08,6624.1538461539,80,31.84,19.11,13.37,23.57,0.13,3.82,171.84,6452.3138461539,2.1507712821,2021-02-08,6624.1538461539,164402.22661414,"Feb,2021",2021-02-08
2021-02-09,-12768.1964285714,80,23.48,14.09,9.86,21.16,0.09,2.82,151.51,-12919.7064285714,-4.3065688095,2021-02-09,-12768.1964285714,151634.030185568,"Feb,2021",2021-02-09
2021-02-10,5988.1640625,80,18.28,10.97,7.68,19.66,0.07,2.19,138.86,5849.3040625,1.9497680208,2021-02-10,5988.1640625,157622.194248068,"Feb,2021",2021-02-10
2021-02-11,7452.3219235213,80,10.83,6.5,4.55,17.52,0.04,1.3,120.73,7331.5919235213,2.4438639745,2021-02-11,7452.3219235213,165074.516171589,"Feb,2021",2021-02-11
2021-02-12,1439.320945946,80,26.43,15.86,11.1,22.01,0.11,3.17,158.69,1280.630945946,0.426876982,2021-02-12,1439.320945946,166513.837117535,"Feb,2021",2021-02-12
2021-02-15,6415.8525,80,20.73,12.44,8.71,20.37,0.08,2.49,144.83,6271.0225,2.0903408333,2021-02-15,6415.8525,172929.689617535,"Feb,2021",2021-02-15
2021-02-16,7354.7727272727,80,24.31,14.59,10.21,21.4,0.1,2.92,153.53,7201.2427272727,2.4004142424,2021-02-16,7354.7727272727,180284.462344808,"Feb,2021",2021-02-16
2021-02-17,2658.1756046968,80,16.31,9.79,6.85,19.1,0.07,1.96,134.07,2524.1056046968,0.8413685349,2021-02-17,2658.1756046968,182942.637949505,"Feb,2021",2021-02-17
2021-02-18,4936.3176460835,80,9.5,5.7,3.99,17.14,0.04,1.14,117.51,4818.8076460835,1.6062692154,2021-02-18,4936.3176460835,187878.955595589,"Feb,2021",2021-02-18
2021-02-19,-10546.0026737968,80,26.59,15.95,11.17,22.06,0.11,3.19,159.06,-10705.0626737968,-3.5683542246,2021-02-19,-10546.0026737968,177332.952921792,"Feb,2021",2021-02-19
2021-02-22,-15944.6915584416,80,23.11,13.87,9.71,21.06,0.09,2.77,150.61,-16095.3015584416,-5.3651005195,2021-02-22,-15944.6915584416,161388.26136335,"Feb,2021",2021-02-22
2021-02-23,-11770.5118395466,80,20.5,12.3,8.61,20.3,0.08,2.46,144.25,-11914.7618395466,-3.9715872798,2021-02-23,-11770.5118395466,149617.749523804,"Feb,2021",2021-02-23
2021-02-25,-6930.8884120172,80,13.21,7.92,5.55,18.2,0.05,1.58,126.52,-7057.4084120172,-2.3524694707,2021-02-25,-6930.8884120172,142686.861111786,"Feb,2021",2021-02-25
2021-02-26,3920.5036426136,80,34.27,20.56,14.39,24.27,0.14,4.11,177.75,3742.7536426136,1.2475845475,2021-02-26,3920.5036426136,146607.3647544,"Feb,2021",2021-02-26
2021-03-01,-17037.8401237716,80,28.9,17.34,12.14,22.72,0.12,3.47,164.69,-17202.5301237716,-5.7341767079,2021-03-01,-17037.8401237716,129569.524630628,"Mar,2021",2021-03-01
2021-03-02,4615.8519359932,80,23.61,14.16,9.92,21.2,0.09,2.83,151.81,4464.0419359932,1.4880139787,2021-03-02,4615.8519359932,134185.376566622,"Mar,2021",2021-03-02
2021-03-03,6260.0860655738,80,15.87,9.52,6.67,18.97,0.06,1.9,133.01,6127.0760655738,2.0423586885,2021-03-03,6260.0860655738,140445.462632195,"Mar,2021",2021-03-03
2021-03-08,1260.8870501161,80,26.93,16.16,11.31,22.16,0.11,3.23,159.91,1100.9770501161,0.36699235,2021-03-08,1260.8870501161,141706.349682311,"Mar,2021",2021-03-08
2021-03-09,-8488.1310288909,80,17.46,10.48,7.33,19.43,0.07,2.1,136.86,-8624.9910288909,-2.8749970096,2021-03-09,-8488.1310288909,133218.218653421,"Mar,2021",2021-03-09
2021-03-10,6346.7738342349,80,9.52,5.71,4,17.14,0.04,1.14,117.56,6229.2138342349,2.0764046114,2021-03-10,6346.7738342349,139564.992487655,"Mar,2021",2021-03-10
2021-03-12,8513.6686979259,80,28.17,16.9,11.83,22.51,0.11,3.38,162.9,8350.7686979259,2.783589566,2021-03-12,8513.6686979259,148078.661185581,"Mar,2021",2021-03-12
2021-03-15,2922.6682538992,80,26.74,16.05,11.23,22.1,0.11,3.21,159.44,2763.2282538992,0.9210760846,2021-03-15,2922.6682538992,151001.329439481,"Mar,2021",2021-03-15
2021-03-16,2250.1360483518,80,21.95,13.17,9.22,20.72,0.09,2.63,147.77,2102.3660483518,0.7007886828,2021-03-16,2250.1360483518,153251.465487832,"Mar,2021",2021-03-16
2021-03-17,-7841.3567780199,80,18.46,11.08,7.75,19.72,0.07,2.22,139.3,-7980.6567780199,-2.660218926,2021-03-17,-7841.3567780199,145410.108709812,"Mar,2021",2021-03-17
2021-03-18,5319.3445207896,80,10.79,6.47,4.53,17.51,0.04,1.29,120.64,5198.7045207896,1.7329015069,2021-03-18,5319.3445207896,150729.453230602,"Mar,2021",2021-03-18
2021-03-19,1679.6734006223,80,33.71,20.23,14.16,24.11,0.13,4.05,176.39,1503.2834006223,0.5010944669,2021-03-19,1679.6734006223,152409.126631224,"Mar,2021",2021-03-19
2021-03-22,-16960.6673311701,80,28.16,16.9,11.83,22.51,0.11,3.38,162.9,-17123.5673311701,-5.7078557771,2021-03-22,-16960.6673311701,135448.459300054,"Mar,2021",2021-03-22
2021-03-23,5736.6024941784,80,23.98,14.39,10.07,21.31,0.1,2.88,152.72,5583.8824941784,1.8612941647,2021-03-23,5736.6024941784,141185.061794233,"Mar,2021",2021-03-23
2021-03-24,9427.9887064816,80,18.01,10.81,7.56,19.59,0.07,2.16,138.2,9289.7887064816,3.0965962355,2021-03-24,9427.9887064816,150613.050500714,"Mar,2021",2021-03-24
2021-03-25,-2842.8188602517,80,11.36,6.82,4.77,17.67,0.05,1.36,122.03,-2964.8488602517,-0.9882829534,2021-03-25,-2842.8188602517,147770.231640462,"Mar,2021",2021-03-25
2021-03-26,10144.3445121951,80,32.53,19.52,13.66,23.77,0.13,3.9,173.52,9970.8245121951,3.3236081707,2021-03-26,10144.3445121951,157914.576152658,"Mar,2021",2021-03-26
2021-03-30,6216.0730088496,80,24.44,14.66,10.26,21.44,0.1,2.93,153.83,6062.2430088496,2.0207476696,2021-03-30,6216.0730088496,164130.649161507,"Mar,2021",2021-03-30
2021-03-31,2541.4864864865,80,17.16,10.3,7.21,19.34,0.07,2.06,136.14,2405.3464864865,0.8017821622,2021-03-31,2541.4864864865,166672.135647994,"Mar,2021",2021-03-31
2021-04-01,-3793.6122047244,80,10.9,6.54,4.58,17.54,0.04,1.31,120.92,-3914.5322047244,-1.3048440682,2021-04-01,-3793.6122047244,162878.523443269,"Apr,2021",2021-04-01
2021-04-05,5797.9675860273,80,25.97,15.58,10.91,21.88,0.1,3.12,157.56,5640.4075860273,1.880135862,2021-04-05,5797.9675860273,168676.491029297,"Apr,2021",2021-04-05
2021-04-06,11374.2634832337,80,25.65,15.39,10.77,21.79,0.1,3.08,156.79,11217.4734832337,3.7391578277,2021-04-06,11374.2634832337,180050.75451253,"Apr,2021",2021-04-06
2021-04-07,14820.498046875,80,21.78,13.07,9.15,20.67,0.09,2.61,147.36,14673.138046875,4.8910460156,2021-04-07,14820.498046875,194871.252559405,"Apr,2021",2021-04-07
2021-04-08,2021.9216417911,80,9.7,5.82,4.08,17.19,0.04,1.16,118,1903.9216417911,0.6346405473,2021-04-08,2021.9216417911,196893.174201196,"Apr,2021",2021-04-08
2021-04-09,1713.75,80,28.11,16.87,11.81,22.5,0.11,3.37,162.77,1550.98,0.5169933333,2021-04-09,1713.75,198606.924201196,"Apr,2021",2021-04-09
2021-04-12,6757.7205354305,80,25.64,15.38,10.77,21.78,0.1,3.08,156.76,6600.9605354305,2.2003201785,2021-04-12,6757.7205354305,205364.644736627,"Apr,2021",2021-04-12
2021-04-13,10741.2667417373,80,20.52,12.31,8.62,20.31,0.08,2.46,144.3,10596.9667417373,3.5323222472,2021-04-13,10741.2667417373,216105.911478364,"Apr,2021",2021-04-13
2021-04-15,4581.7176258993,80,9.73,5.84,4.09,17.2,0.04,1.17,118.06,4463.6576258993,1.4878858753,2021-04-15,4581.7176258993,220687.629104263,"Apr,2021",2021-04-15
2021-04-16,8389.3596332202,80,28.15,16.89,11.82,22.51,0.11,3.38,162.86,8226.4996332202,2.7421665444,2021-04-16,8389.3596332202,229076.988737484,"Apr,2021",2021-04-16
2021-04-19,5491.575,80,28.78,17.27,12.09,22.69,0.12,3.45,164.4,5327.175,1.775725,2021-04-19,5491.575,234568.563737484,"Apr,2021",2021-04-19
2021-04-20,-11166.4700483901,80,18.1,10.86,7.6,19.61,0.07,2.17,138.41,-11304.8800483901,-3.7682933495,2021-04-20,-11166.4700483901,223402.093689093,"Apr,2021",2021-04-20
2021-04-22,10803.6551696515,80,10.44,6.26,4.38,17.41,0.04,1.25,119.78,10683.8751696515,3.5612917232,2021-04-22,10803.6551696515,234205.748858745,"Apr,2021",2021-04-22
2021-04-23,-6121.0164571301,80,31.26,18.76,13.13,23.4,0.13,3.75,170.43,-6291.4464571301,-2.097148819,2021-04-23,-6121.0164571301,228084.732401615,"Apr,2021",2021-04-23
2021-04-26,-2015.3670092627,80,25.8,15.48,10.84,21.83,0.1,3.1,157.14,-2172.5070092627,-0.7241690031,2021-04-26,-2015.3670092627,226069.365392352,"Apr,2021",2021-04-26
2021-04-27,5038.7102633621,80,21.68,13.01,9.11,20.64,0.09,2.6,147.12,4891.5902633621,1.6305300878,2021-04-27,5038.7102633621,231108.075655714,"Apr,2021",2021-04-27
2021-04-28,14677.7791244475,80,15.18,9.11,6.38,18.77,0.06,1.82,131.32,14546.4591244475,4.8488197081,2021-04-28,14677.7791244475,245785.854780162,"Apr,2021",2021-04-28
2021-04-29,-5954.1346153846,80,10.18,6.11,4.28,17.33,0.04,1.22,119.16,-6073.2946153846,-2.0244315385,2021-04-29,-5954.1346153846,239831.720164777,"Apr,2021",2021-04-29
2021-04-30,-8855.4606446412,80,34.37,20.62,14.43,24.3,0.14,4.12,177.98,-9033.4406446412,-3.0111468815,2021-04-30,-8855.4606446412,230976.259520136,"Apr,2021",2021-04-30
2021-05-03,-12898.3133513123,80,25.63,15.38,10.76,21.78,0.1,3.08,156.73,-13055.0433513123,-4.3516811171,2021-05-03,-12898.3133513123,218077.946168824,"May,2021",2021-05-03
2021-05-04,-13148.7526574766,80,21.4,12.84,8.99,20.56,0.09,2.57,146.45,-13295.2026574766,-4.4317342192,2021-05-04,-13148.7526574766,204929.193511347,"May,2021",2021-05-04
2021-05-05,-11604.6774920378,80,19.03,11.42,7.99,19.88,0.08,2.28,140.67,-11745.3474920378,-3.9151158307,2021-05-05,-11604.6774920378,193324.516019309,"May,2021",2021-05-05
2021-05-06,-5257.4778106509,80,10.93,6.56,4.59,17.55,0.04,1.31,120.99,-5378.4678106509,-1.7928226036,2021-05-06,-5257.4778106509,188067.038208658,"May,2021",2021-05-06
2021-05-07,2120.5375854613,80,25.38,15.23,10.66,21.71,0.1,3.05,156.12,1964.4175854613,0.6548058618,2021-05-07,2120.5375854613,190187.57579412,"May,2021",2021-05-07
2021-05-10,11550.5628759197,80,20.42,12.25,8.58,20.28,0.08,2.45,144.07,11406.4928759197,3.802164292,2021-05-10,11550.5628759197,201738.138670039,"May,2021",2021-05-10
2021-05-11,3512.6162770391,80,14.13,8.48,5.93,18.47,0.06,1.7,128.76,3383.8562770391,1.1279520923,2021-05-11,3512.6162770391,205250.754947078,"May,2021",2021-05-11
2021-05-12,6402.3697370389,80,7.75,4.65,3.25,16.63,0.03,0.93,113.24,6289.1297370389,2.096376579,2021-05-12,6402.3697370389,211653.124684117,"May,2021",2021-05-12
2021-05-14,6132.4619262159,80,23.43,14.06,9.84,21.15,0.09,2.81,151.39,5981.0719262159,1.9936906421,2021-05-14,6132.4619262159,217785.586610333,"May,2021",2021-05-14
2021-05-17,5980.1350715704,80,18.38,11.03,7.72,19.69,0.07,2.21,139.09,5841.0450715704,1.9470150239,2021-05-17,5980.1350715704,223765.721681904,"May,2021",2021-05-17
2021-05-18,2804.9200033437,80,18.44,11.06,7.74,19.71,0.07,2.21,139.24,2665.6800033437,0.8885600011,2021-05-18,2804.9200033437,226570.641685247,"May,2021",2021-05-18
2021-05-19,-1263.1858199949,80,13.14,7.88,5.52,18.18,0.05,1.58,126.35,-1389.5358199949,-0.4631786067,2021-05-19,-1263.1858199949,225307.455865252,"May,2021",2021-05-19
2021-05-20,-682.0049488324,80,7.23,4.34,3.04,16.48,0.03,0.87,111.98,-793.9849488324,-0.2646616496,2021-05-20,-682.0049488324,224625.45091642,"May,2021",2021-05-20
2021-05-21,4187.0862453212,80,22.58,13.55,9.48,20.9,0.09,2.71,149.3,4037.7862453212,1.3459287484,2021-05-21,4187.0862453212,228812.537161741,"May,2021",2021-05-21
2021-05-24,-6408.6324839527,80,21.13,12.68,8.88,20.49,0.08,2.54,145.8,-6554.4324839527,-2.184810828,2021-05-24,-6408.6324839527,222403.904677789,"May,2021",2021-05-24
2021-05-25,3489.7502382205,80,18.01,10.8,7.56,19.59,0.07,2.16,138.19,3351.5602382205,1.1171867461,2021-05-25,3489.7502382205,225893.654916009,"May,2021",2021-05-25
2021-05-26,2116.5869845361,80,13.78,8.27,5.79,18.37,0.06,1.65,127.91,1988.6769845361,0.6628923282,2021-05-26,2116.5869845361,228010.241900545,"May,2021",2021-05-26
2021-05-27,-2816.2115020466,80,8.76,5.26,3.68,16.92,0.04,1.05,115.71,-2931.9215020466,-0.9773071673,2021-05-27,-2816.2115020466,225194.030398498,"May,2021",2021-05-27
2021-05-28,2025.9220007168,80,25.87,15.52,10.86,21.85,0.1,3.1,157.31,1868.6120007168,0.6228706669,2021-05-28,2025.9220007168,227219.952399215,"May,2021",2021-05-28
2021-05-31,3897.5699851962,80,20.36,12.22,8.55,20.26,0.08,2.44,143.92,3753.6499851962,1.2512166617,2021-05-31,3897.5699851962,231117.522384412,"May,2021",2021-05-31
2021-06-01,-4316.9218504573,80,15.94,9.57,6.7,18.99,0.06,1.91,133.18,-4450.1018504573,-1.4833672835,2021-06-01,-4316.9218504573,226800.600533954,"Jun,2021",2021-06-01
2021-06-02,1446.9915762002,80,12.01,7.21,5.05,17.86,0.05,1.44,123.62,1323.3715762002,0.4411238587,2021-06-02,1446.9915762002,228247.592110154,"Jun,2021",2021-06-02
2021-06-03,2132.1323795758,80,6.54,3.93,2.75,16.28,0.03,0.79,110.31,2021.8223795758,0.6739407932,2021-06-03,2132.1323795758,230379.72448973,"Jun,2021",2021-06-03
2021-06-04,-7061.6528733564,80,23.76,14.25,9.98,21.24,0.1,2.85,152.18,-7213.8328733564,-2.4046109578,2021-06-04,-7061.6528733564,223318.071616374,"Jun,2021",2021-06-04
2021-06-07,3979.2070925079,80,17.25,10.35,7.25,19.37,0.07,2.07,136.36,3842.8470925079,1.2809490308,2021-06-07,3979.2070925079,227297.278708882,"Jun,2021",2021-06-07
2021-06-08,2978.8078358209,80,13.12,7.87,5.51,18.18,0.05,1.57,126.31,2852.4978358209,0.9508326119,2021-06-08,2978.8078358209,230276.086544703,"Jun,2021",2021-06-08
2021-06-09,-1430.2947101872,80,10.19,6.12,4.28,17.34,0.04,1.22,119.19,-1549.4847101872,-0.5164949034,2021-06-09,-1430.2947101872,228845.791834515,"Jun,2021",2021-06-09
2021-06-10,-2702.0143442623,80,6.81,4.09,2.86,16.36,0.03,0.82,110.96,-2812.9743442623,-0.9376581148,2021-06-10,-2702.0143442623,226143.777490253,"Jun,2021",2021-06-10
2021-06-14,-2179.2491508841,80,16.43,9.86,6.9,19.13,0.07,1.97,134.35,-2313.5991508841,-0.771199717,2021-06-14,-2179.2491508841,223964.528339369,"Jun,2021",2021-06-14
2021-06-15,-478.4007116756,80,12.33,7.4,5.18,17.95,0.05,1.48,124.37,-602.7707116756,-0.2009235706,2021-06-15,-478.4007116756,223486.127627693,"Jun,2021",2021-06-15
2021-06-16,-2516.7589862802,80,10.96,6.57,4.6,17.56,0.04,1.31,121.05,-2637.8089862802,-0.8792696621,2021-06-16,-2516.7589862802,220969.368641413,"Jun,2021",2021-06-16
2021-06-17,-1257.8244707009,80,7.79,4.67,3.27,16.64,0.03,0.93,113.34,-1371.1644707009,-0.4570548236,2021-06-17,-1257.8244707009,219711.544170712,"Jun,2021",2021-06-17
2021-06-18,918.5038885044,80,20,12,8.4,20.16,0.08,2.4,143.05,775.4538885044,0.2584846295,2021-06-18,918.5038885044,220630.048059217,"Jun,2021",2021-06-18
2021-06-21,4917.098270034,80,19.33,11.6,8.12,19.97,0.08,2.32,141.4,4775.698270034,1.5918994233,2021-06-21,4917.098270034,225547.146329251,"Jun,2021",2021-06-21
2021-06-22,3231.7648290708,80,13.3,7.98,5.58,18.23,0.05,1.6,126.74,3105.0248290708,1.0350082764,2021-06-22,3231.7648290708,228778.911158322,"Jun,2021",2021-06-22
2021-06-23,2251.9163147265,80,11.11,6.67,4.67,17.6,0.04,1.33,121.42,2130.4963147265,0.7101654382,2021-06-23,2251.9163147265,231030.827473048,"Jun,2021",2021-06-23
2021-06-24,2681.3157931924,80,7.02,4.21,2.95,16.42,0.03,0.84,111.48,2569.8357931924,0.8566119311,2021-06-24,2681.3157931924,233712.143266241,"Jun,2021",2021-06-24
2021-06-25,2413.7784909774,80,19.16,11.5,8.05,19.92,0.08,2.3,141.01,2272.7684909774,0.757589497,2021-06-25,2413.7784909774,236125.921757218,"Jun,2021",2021-06-25
2021-06-28,286.6906410537,80,15.03,9.02,6.31,18.73,0.06,1.8,130.95,155.7406410537,0.051913547,2021-06-28,286.6906410537,236412.612398272,"Jun,2021",2021-06-28
2021-06-29,2470.4152463061,80,13.53,8.12,5.68,18.3,0.05,1.62,127.32,2343.0952463061,0.7810317488,2021-06-29,2470.4152463061,238883.027644578,"Jun,2021",2021-06-29
2021-06-30,2049.3668942259,80,9.73,5.84,4.09,17.2,0.04,1.17,118.05,1931.3168942259,0.6437722981,2021-06-30,2049.3668942259,240932.394538803,"Jun,2021",2021-06-30
2021-07-01,-344.1774000731,80,5.87,3.52,2.47,16.09,0.02,0.7,108.68,-452.8574000731,-0.1509524667,2021-07-01,-344.1774000731,240588.21713873,"Jul,2021",2021-07-01
2021-07-02,2218.1671118443,80,16.37,9.82,6.88,19.12,0.07,1.96,134.22,2083.9471118443,0.6946490373,2021-07-02,2218.1671118443,242806.384250575,"Jul,2021",2021-07-02
2021-07-05,-306.1460271795,80,12.03,7.22,5.05,17.86,0.05,1.44,123.65,-429.7960271795,-0.1432653424,2021-07-05,-306.1460271795,242500.238223395,"Jul,2021",2021-07-05
2021-07-06,1217.5270995333,80,9.48,5.69,3.98,17.13,0.04,1.14,117.45,1100.0770995333,0.3666923665,2021-07-06,1217.5270995333,243717.765322928,"Jul,2021",2021-07-06
2021-07-07,1424.5773320556,80,9.05,5.43,3.8,17.01,0.04,1.09,116.41,1308.1673320556,0.4360557774,2021-07-07,1424.5773320556,245142.342654984,"Jul,2021",2021-07-07
2021-07-08,-1220.6494566803,80,5.7,3.42,2.39,16.04,0.02,0.68,108.26,-1328.9094566803,-0.4429698189,2021-07-08,-1220.6494566803,243921.693198304,"Jul,2021",2021-07-08
2021-07-09,1289.4882386567,80,18.29,10.97,7.68,19.67,0.07,2.19,138.88,1150.6082386567,0.3835360796,2021-07-09,1289.4882386567,245211.18143696,"Jul,2021",2021-07-09
2021-07-12,1013.3254031901,80,13.37,8.02,5.62,18.25,0.05,1.6,126.92,886.40540319,0.2954684677,2021-07-12,1013.3254031901,246224.50684015,"Jul,2021",2021-07-12
2021-07-13,517.2042831657,80,10.15,6.09,4.26,17.32,0.04,1.22,119.08,398.1242831657,0.1327080944,2021-07-13,517.2042831657,246741.711123316,"Jul,2021",2021-07-13
2021-07-14,-1664.9841136292,80,8.76,5.26,3.68,16.92,0.04,1.05,115.7,-1780.6841136292,-0.5935613712,2021-07-14,-1664.9841136292,245076.727009687,"Jul,2021",2021-07-14
2021-07-15,1156.586001884,80,5.18,3.11,2.18,15.89,0.02,0.62,107,1049.586001884,0.3498620006,2021-07-15,1156.586001884,246233.313011571,"Jul,2021",2021-07-15
2021-07-16,365.0828804348,80,15.48,9.29,6.5,18.86,0.06,1.86,132.05,233.0328804348,0.0776776268,2021-07-16,365.0828804348,246598.395892006,"Jul,2021",2021-07-16
2021-07-19,-3189.0728015787,80,12.56,7.53,5.27,18.02,0.05,1.51,124.94,-3314.0128015787,-1.1046709339,2021-07-19,-3189.0728015787,243409.323090427,"Jul,2021",2021-07-19
2021-07-20,1900.1574927878,80,10.72,6.43,4.5,17.49,0.04,1.29,120.48,1779.6774927878,0.5932258309,2021-07-20,1900.1574927878,245309.480583215,"Jul,2021",2021-07-20
2021-07-22,-1619.7970588235,80,6.27,3.76,2.64,16.21,0.03,0.75,109.66,-1729.4570588235,-0.5764856863,2021-07-22,-1619.7970588235,243689.683524391,"Jul,2021",2021-07-22
2021-07-23,-5002.8587186992,80,15.7,9.42,6.6,18.92,0.06,1.88,132.59,-5135.4487186992,-1.7118162396,2021-07-23,-5002.8587186992,238686.824805692,"Jul,2021",2021-07-23
2021-07-26,422.4838118222,80,13.84,8.3,5.81,18.39,0.06,1.66,128.06,294.4238118222,0.0981412706,2021-07-26,422.4838118222,239109.308617514,"Jul,2021",2021-07-26
2021-07-27,1560.3003255086,80,12.05,7.23,5.06,17.87,0.05,1.45,123.71,1436.5903255086,0.4788634418,2021-07-27,1560.3003255086,240669.608943023,"Jul,2021",2021-07-27
2021-07-28,1122.1186333146,80,10.19,6.11,4.28,17.33,0.04,1.22,119.18,1002.9386333146,0.3343128778,2021-07-28,1122.1186333146,241791.727576338,"Jul,2021",2021-07-28
2021-07-29,1643.4490690356,80,5.91,3.54,2.48,16.1,0.02,0.71,108.76,1534.6890690356,0.511563023,2021-07-29,1643.4490690356,243435.176645373,"Jul,2021",2021-07-29
2021-07-30,302.6316296752,80,16.61,9.97,6.98,19.18,0.07,1.99,134.8,167.8316296752,0.0559438766,2021-07-30,302.6316296752,243737.808275048,"Jul,2021",2021-07-30
2021-08-02,69.8323819992,80,12.88,7.73,5.41,18.11,0.05,1.55,125.73,-55.8976180008,-0.0186325393,2021-08-02,69.8323819992,243807.640657048,"Aug,2021",2021-08-02
2021-08-03,2354.2418117067,80,10.84,6.51,4.55,17.52,0.04,1.3,120.77,2233.4718117067,0.7444906039,2021-08-03,2354.2418117067,246161.882468754,"Aug,2021",2021-08-03
2021-08-04,1733.4263290579,80,9.21,5.53,3.87,17.05,0.04,1.11,116.8,1616.6263290579,0.538875443,2021-08-04,1733.4263290579,247895.308797812,"Aug,2021",2021-08-04
2021-08-05,-1780.6926738444,80,7.45,4.47,3.13,16.55,0.03,0.89,112.52,-1893.2126738444,-0.6310708913,2021-08-05,-1780.6926738444,246114.616123968,"Aug,2021",2021-08-05
2021-08-06,2052.2764026629,80,19.52,11.71,8.2,20.02,0.08,2.34,141.86,1910.4164026629,0.6368054676,2021-08-06,2052.2764026629,248166.892526631,"Aug,2021",2021-08-06
2021-08-09,-84.0206609345,80,14.41,8.65,6.05,18.55,0.06,1.73,129.45,-213.4706609345,-0.071156887,2021-08-09,-84.0206609345,248082.871865696,"Aug,2021",2021-08-09
2021-08-10,-2969.5253403903,80,12.31,7.38,5.17,17.94,0.05,1.48,124.33,-3093.8553403903,-1.0312851135,2021-08-10,-2969.5253403903,245113.346525306,"Aug,2021",2021-08-10
2021-08-11,3175.8099036112,80,10.67,6.4,4.48,17.47,0.04,1.28,120.36,3055.4499036112,1.0184833012,2021-08-11,3175.8099036112,248289.156428917,"Aug,2021",2021-08-11
2021-08-12,1690.4144494215,80,6.28,3.77,2.64,16.21,0.03,0.75,109.67,1580.7444494215,0.5269148165,2021-08-12,1690.4144494215,249979.570878338,"Aug,2021",2021-08-12
2021-08-13,-695.7595515081,80,14.76,8.85,6.2,18.65,0.06,1.77,130.29,-826.0495515081,-0.2753498505,2021-08-13,-695.7595515081,249283.81132683,"Aug,2021",2021-08-13
2021-08-16,205.2574550477,80,12.72,7.63,5.34,18.06,0.05,1.53,125.33,79.9274550477,0.026642485,2021-08-16,205.2574550477,249489.068781878,"Aug,2021",2021-08-16
2021-08-17,1396.7757942429,80,9.57,5.74,4.02,17.16,0.04,1.15,117.68,1279.0957942429,0.4263652647,2021-08-17,1396.7757942429,250885.844576121,"Aug,2021",2021-08-17
2021-08-18,1622.0247653176,80,5.47,3.28,2.3,15.98,0.02,0.66,107.71,1514.3147653176,0.5047715884,2021-08-18,1622.0247653176,252507.869341439,"Aug,2021",2021-08-18
2021-08-20,1563.3933545009,80,16.98,10.19,7.13,19.29,0.07,2.04,135.69,1427.7033545009,0.4759011182,2021-08-20,1563.3933545009,254071.262695939,"Aug,2021",2021-08-20
2021-08-23,549.7135998433,80,13.03,7.82,5.47,18.15,0.05,1.56,126.1,423.6135998433,0.1412045333,2021-08-23,549.7135998433,254620.976295783,"Aug,2021",2021-08-23
2021-08-24,1226.320550699,80,12.14,7.28,5.1,17.9,0.05,1.46,123.92,1102.400550699,0.3674668502,2021-08-24,1226.320550699,255847.296846482,"Aug,2021",2021-08-24
2021-08-25,777.2542703982,80,9.37,5.62,3.93,17.1,0.04,1.12,117.18,660.0742703982,0.2200247568,2021-08-25,777.2542703982,256624.55111688,"Aug,2021",2021-08-25
2021-08-26,1072.9393073961,80,6.44,3.86,2.7,16.25,0.03,0.77,110.06,962.8793073961,0.3209597691,2021-08-26,1072.9393073961,257697.490424276,"Aug,2021",2021-08-26
2021-08-27,-1676.2783834142,80,15.62,9.37,6.56,18.9,0.06,1.87,132.38,-1808.6583834142,-0.6028861278,2021-08-27,-1676.2783834142,256021.212040862,"Aug,2021",2021-08-27
2021-08-30,1770.5710632682,80,12.87,7.72,5.41,18.11,0.05,1.54,125.71,1644.8610632682,0.5482870211,2021-08-30,1770.5710632682,257791.78310413,"Aug,2021",2021-08-30
2021-08-31,-144.5217091734,80,12.75,7.65,5.36,18.07,0.05,1.53,125.41,-269.9317091734,-0.0899772364,2021-08-31,-144.5217091734,257647.261394957,"Aug,2021",2021-08-31
2021-09-01,590.5967633651,80,10.6,6.36,4.45,17.45,0.04,1.27,120.18,470.4167633651,0.1568055878,2021-09-01,590.5967633651,258237.858158322,"Sep,2021",2021-09-01
2021-09-02,-933.429498405,80,5.87,3.52,2.47,16.09,0.02,0.7,108.69,-1042.119498405,-0.3473731661,2021-09-02,-933.429498405,257304.428659917,"Sep,2021",2021-09-02
2021-09-03,948.1481539575,80,17.19,10.31,7.22,19.35,0.07,2.06,136.2,811.9481539575,0.2706493847,2021-09-03,948.1481539575,258252.576813874,"Sep,2021",2021-09-03
2021-09-06,1159.5010490106,80,14.47,8.68,6.08,18.57,0.06,1.74,129.58,1029.9210490106,0.3433070163,2021-09-06,1159.5010490106,259412.077862885,"Sep,2021",2021-09-06
2021-09-07,-2300.444000254,80,12.56,7.54,5.27,18.02,0.05,1.51,124.94,-2425.384000254,-0.8084613334,2021-09-07,-2300.444000254,257111.633862631,"Sep,2021",2021-09-07
2021-09-08,545.2242704368,80,9.91,5.94,4.16,17.25,0.04,1.19,118.5,426.7242704368,0.1422414235,2021-09-08,545.2242704368,257656.858133068,"Sep,2021",2021-09-08
2021-09-09,1787.3397376029,80,6.19,3.71,2.6,16.18,0.02,0.74,109.44,1677.8997376029,0.5592999125,2021-09-09,1787.3397376029,259444.197870671,"Sep,2021",2021-09-09
2021-09-13,1453.5719688438,80,14.34,8.6,6.02,18.53,0.06,1.72,129.27,1324.3019688438,0.4414339896,2021-09-13,1453.5719688438,260897.769839514,"Sep,2021",2021-09-13
2021-09-14,-100.9199417698,80,10.3,6.18,4.33,17.37,0.04,1.24,119.44,-220.3599417698,-0.0734533139,2021-09-14,-100.9199417698,260796.849897745,"Sep,2021",2021-09-14
2021-09-15,1088.9682904388,80,8.32,4.99,3.5,16.8,0.03,1,114.64,974.3282904388,0.3247760968,2021-09-15,1088.9682904388,261885.818188183,"Sep,2021",2021-09-15
2021-09-16,-770.4283025618,80,4.88,2.93,2.05,15.8,0.02,0.59,106.26,-876.6883025618,-0.2922294342,2021-09-16,-770.4283025618,261115.389885622,"Sep,2021",2021-09-16
2021-09-17,-3164.0598976387,80,19.85,11.91,8.34,20.12,0.08,2.38,142.68,-3306.7398976387,-1.1022466325,2021-09-17,-3164.0598976387,257951.329987983,"Sep,2021",2021-09-17
2021-09-20,-2793.0637549616,80,15.53,9.32,6.52,18.87,0.06,1.86,132.16,-2925.2237549616,-0.975074585,2021-09-20,-2793.0637549616,255158.266233021,"Sep,2021",2021-09-20
2021-09-21,-1687.9937493368,80,15.94,9.57,6.7,18.99,0.06,1.91,133.17,-1821.1637493368,-0.6070545831,2021-09-21,-1687.9937493368,253470.272483685,"Sep,2021",2021-09-21
2021-09-22,1377.9125094254,80,11.88,7.13,4.99,17.82,0.05,1.43,123.28,1254.6325094254,0.4182108365,2021-09-22,1377.9125094254,254848.18499311,"Sep,2021",2021-09-22
2021-09-23,2497.3594808582,80,7.41,4.45,3.11,16.53,0.03,0.89,112.42,2384.9394808582,0.794979827,2021-09-23,2497.3594808582,257345.544473968,"Sep,2021",2021-09-23
2021-09-24,1379.5624260767,80,19.88,11.93,8.35,20.12,0.08,2.39,142.74,1236.8224260767,0.412274142,2021-09-24,1379.5624260767,258725.106900045,"Sep,2021",2021-09-24
2021-09-27,-1351.1474204035,80,17.25,10.35,7.24,19.37,0.07,2.07,136.34,-1487.4874204035,-0.4958291401,2021-09-27,-1351.1474204035,257373.959479641,"Sep,2021",2021-09-27
2021-09-28,602.8058546119,80,15.5,9.3,6.51,18.86,0.06,1.86,132.09,470.7158546119,0.1569052849,2021-09-28,602.8058546119,257976.765334253,"Sep,2021",2021-09-28
2021-09-29,2454.6645369139,80,12.9,7.74,5.42,18.12,0.05,1.55,125.77,2328.8945369139,0.776298179,2021-09-29,2454.6645369139,260431.429871167,"Sep,2021",2021-09-29
2021-09-30,-2005.4060526324,80,8.92,5.35,3.75,16.97,0.04,1.07,116.09,-2121.4960526324,-0.7071653509,2021-09-30,-2005.4060526324,258426.023818535,"Sep,2021",2021-09-30
2021-10-01,1007.2179611888,80,23.44,14.07,9.85,21.15,0.09,2.81,151.41,855.8079611887,0.2852693204,2021-10-01,1007.2179611888,259433.241779724,"Oct,2021",2021-10-01
2021-10-04,1763.3919992393,80,17.36,10.41,7.29,19.4,0.07,2.08,136.62,1626.7719992393,0.5422573331,2021-10-04,1763.3919992393,261196.633778963,"Oct,2021",2021-10-04
2021-10-05,2645.6762392138,80,14.14,8.48,5.94,18.47,0.06,1.7,128.79,2516.8862392138,0.8389620797,2021-10-05,2645.6762392138,263842.310018177,"Oct,2021",2021-10-05
2021-10-06,-2254.4294364861,80,10.28,6.17,4.32,17.36,0.04,1.23,119.39,-2373.8194364861,-0.7912731455,2021-10-06,-2254.4294364861,261587.880581691,"Oct,2021",2021-10-06
2021-10-07,2714.4043138105,80,6.43,3.86,2.7,16.25,0.03,0.77,110.03,2604.3743138105,0.8681247713,2021-10-07,2714.4043138105,264302.284895501,"Oct,2021",2021-10-07
2021-10-08,-2009.3852778311,80,19.39,11.63,8.14,19.98,0.08,2.33,141.55,-2150.9352778311,-0.7169784259,2021-10-08,-2009.3852778311,262292.89961767,"Oct,2021",2021-10-08
2021-10-11,-2.3618238558,80,14.74,8.84,6.19,18.65,0.06,1.77,130.25,-132.6118238558,-0.0442039413,2021-10-11,-2.3618238558,262290.537793814,"Oct,2021",2021-10-11
2021-10-12,-3062.4477902653,80,13.7,8.22,5.76,18.35,0.05,1.64,127.73,-3190.1777902653,-1.0633925968,2021-10-12,-3062.4477902653,259228.090003549,"Oct,2021",2021-10-12
2021-10-13,-237.059513618,80,10.84,6.51,4.55,17.52,0.04,1.3,120.77,-357.829513618,-0.1192765045,2021-10-13,-237.059513618,258991.030489931,"Oct,2021",2021-10-13
2021-10-14,316.2086782431,80,6.36,3.82,2.67,16.23,0.03,0.76,109.87,206.3386782431,0.0687795594,2021-10-14,316.2086782431,259307.239168174,"Oct,2021",2021-10-14
2021-10-18,-158.6857096842,80,17.52,10.51,7.36,19.44,0.07,2.1,137,-295.6857096842,-0.0985619032,2021-10-18,-158.6857096842,259148.55345849,"Oct,2021",2021-10-18
2021-10-19,1665.7298006388,80,14.35,8.61,6.03,18.53,0.06,1.72,129.31,1536.4198006388,0.5121399335,2021-10-19,1665.7298006388,260814.283259129,"Oct,2021",2021-10-19
2021-10-20,1251.0166647076,80,13.6,8.16,5.71,18.32,0.05,1.63,127.48,1123.5366647076,0.3745122216,2021-10-20,1251.0166647076,262065.299923836,"Oct,2021",2021-10-20
2021-10-21,-2678.7169170499,80,7.52,4.51,3.16,16.57,0.03,0.9,112.7,-2791.4169170499,-0.9304723057,2021-10-21,-2678.7169170499,259386.583006786,"Oct,2021",2021-10-21
2021-10-22,-850.7894655896,80,21.21,12.73,8.91,20.51,0.08,2.55,145.99,-996.7794655896,-0.3322598219,2021-10-22,-850.7894655896,258535.793541197,"Oct,2021",2021-10-22
2021-10-25,1176.5275171667,80,17.18,10.31,7.21,19.35,0.07,2.06,136.18,1040.3475171667,0.3467825057,2021-10-25,1176.5275171667,259712.321058363,"Oct,2021",2021-10-25
2021-10-26,836.5654136973,80,17.33,10.4,7.28,19.39,0.07,2.08,136.55,700.0154136973,0.2333384712,2021-10-26,836.5654136973,260548.886472061,"Oct,2021",2021-10-26
2021-10-27,-2960.8257188258,80,13.1,7.86,5.5,18.17,0.05,1.57,126.25,-3087.0757188258,-1.0290252396,2021-10-27,-2960.8257188258,257588.060753235,"Oct,2021",2021-10-27
2021-10-28,2942.1735732219,80,8.69,5.21,3.65,16.9,0.03,1.04,115.53,2826.6435732219,0.9422145244,2021-10-28,2942.1735732219,260530.234326457,"Oct,2021",2021-10-28
2021-10-29,-6097.2622364458,80,28.14,16.89,11.82,22.51,0.11,3.38,162.84,-6260.1022364458,-2.0867007455,2021-10-29,-6097.2622364458,254432.972090011,"Oct,2021",2021-10-29
2021-11-01,-4017.7524118143,80,18.31,10.99,7.69,19.67,0.07,2.2,138.94,-4156.6924118143,-1.3855641373,2021-11-01,-4017.7524118143,250415.219678197,"Nov,2021",2021-11-01
2021-11-02,654.806969923,80,13.32,7.99,5.59,18.24,0.05,1.6,126.8,528.006969923,0.1760023233,2021-11-02,654.806969923,251070.02664812,"Nov,2021",2021-11-02
2021-11-03,-2121.4080841834,80,8.04,4.82,3.38,16.72,0.03,0.96,113.95,-2235.3580841834,-0.7451193614,2021-11-03,-2121.4080841834,248948.618563936,"Nov,2021",2021-11-03
2021-11-08,-1521.7479348291,80,19.45,11.67,8.17,20,0.08,2.33,141.71,-1663.4579348291,-0.5544859783,2021-11-08,-1521.7479348291,247426.870629107,"Nov,2021",2021-11-08
2021-11-09,808.0652402713,80,15.94,9.57,6.7,18.99,0.06,1.91,133.17,674.8952402713,0.2249650801,2021-11-09,808.0652402713,248234.935869379,"Nov,2021",2021-11-09
2021-11-10,-289.4229388634,80,13.29,7.97,5.58,18.23,0.05,1.59,126.72,-416.1429388634,-0.138714313,2021-11-10,-289.4229388634,247945.512930515,"Nov,2021",2021-11-10
2021-11-11,2519.1224736507,80,8.58,5.15,3.6,16.87,0.03,1.03,115.27,2403.8524736507,0.8012841579,2021-11-11,2519.1224736507,250464.635404166,"Nov,2021",2021-11-11
2021-11-12,-971.4298363529,80,19.17,11.5,8.05,19.92,0.08,2.3,141.02,-1112.4498363529,-0.3708166121,2021-11-12,-971.4298363529,249493.205567813,"Nov,2021",2021-11-12
2021-11-15,999.6245275034,80,13.91,8.34,5.84,18.4,0.06,1.67,128.22,871.4045275034,0.2904681758,2021-11-15,999.6245275034,250492.830095316,"Nov,2021",2021-11-15
2021-11-16,1821.1783220605,80,14.9,8.94,6.26,18.69,0.06,1.79,130.65,1690.5283220605,0.5635094407,2021-11-16,1821.1783220605,252314.008417377,"Nov,2021",2021-11-16
2021-11-17,282.4416621429,80,12.59,7.56,5.29,18.03,0.05,1.51,125.03,157.4116621429,0.052470554,2021-11-17,282.4416621429,252596.45007952,"Nov,2021",2021-11-17
2021-11-18,2658.7379806753,80,8.18,4.91,3.44,16.76,0.03,0.98,114.29,2544.4479806753,0.8481493269,2021-11-18,2658.7379806753,255255.188060195,"Nov,2021",2021-11-18
2021-11-22,3568.9169308871,80,17.56,10.54,7.38,19.46,0.07,2.11,137.11,3431.8069308871,1.1439356436,2021-11-22,3568.9169308871,258824.104991082,"Nov,2021",2021-11-22
2021-11-23,2747.5775062249,80,18.51,11.11,7.78,19.73,0.07,2.22,139.43,2608.1475062249,0.8693825021,2021-11-23,2747.5775062249,261571.682497307,"Nov,2021",2021-11-23
2021-11-24,2529.6905360514,80,13.01,7.81,5.46,18.15,0.05,1.56,126.04,2403.6505360514,0.8012168454,2021-11-24,2529.6905360514,264101.373033359,"Nov,2021",2021-11-24
2021-11-25,-2922.5187507318,80,8.19,4.91,3.44,16.76,0.03,0.98,114.32,-3036.8387507318,-1.0122795836,2021-11-25,-2922.5187507318,261178.854282627,"Nov,2021",2021-11-25
2021-11-26,2782.5834048372,80,21.56,12.94,9.05,20.61,0.09,2.59,146.83,2635.7534048372,0.8785844683,2021-11-26,2782.5834048372,263961.437687464,"Nov,2021",2021-11-26
2021-11-29,-4987.281104666,80,25.19,15.11,10.58,21.65,0.1,3.02,155.66,-5142.941104666,-1.7143137016,2021-11-29,-4987.281104666,258974.156582798,"Nov,2021",2021-11-29
2021-11-30,-3939.6799213403,80,16.7,10.02,7.01,19.21,0.07,2,135.02,-4074.6999213403,-1.3582333071,2021-11-30,-3939.6799213403,255034.476661458,"Nov,2021",2021-11-30
2021-12-01,-2928.1825339642,80,13.73,8.24,5.77,18.35,0.05,1.65,127.79,-3055.9725339642,-1.0186575113,2021-12-01,-2928.1825339642,252106.294127494,"Dec,2021",2021-12-01
2021-12-02,-2900.9161404577,80,10.39,6.23,4.36,17.39,0.04,1.25,119.67,-3020.5861404577,-1.0068620468,2021-12-02,-2900.9161404577,249205.377987036,"Dec,2021",2021-12-02
2021-12-03,3063.9607632465,80,21.58,12.95,9.06,20.61,0.09,2.59,146.88,2917.0807632465,0.9723602544,2021-12-03,3063.9607632465,252269.338750282,"Dec,2021",2021-12-03
2021-12-06,-5048.0202992378,80,20.72,12.43,8.7,20.37,0.08,2.49,144.78,-5192.8002992378,-1.7309334331,2021-12-06,-5048.0202992378,247221.318451045,"Dec,2021",2021-12-06
2021-12-07,1942.4289857095,80,16.04,9.63,6.74,19.02,0.06,1.93,133.42,1809.0089857095,0.6030029952,2021-12-07,1942.4289857095,249163.747436754,"Dec,2021",2021-12-07
2021-12-08,2071.0185635186,80,14.47,8.68,6.08,18.57,0.06,1.74,129.6,1941.4185635186,0.6471395212,2021-12-08,2071.0185635186,251234.766000273,"Dec,2021",2021-12-08
2021-12-09,1708.4614387199,80,7.11,4.27,2.99,16.45,0.03,0.85,111.69,1596.7714387199,0.5322571462,2021-12-09,1708.4614387199,252943.227438992,"Dec,2021",2021-12-09
2021-12-10,250.5440695967,80,19.83,11.9,8.33,20.11,0.08,2.38,142.62,107.9240695967,0.0359746899,2021-12-10,250.5440695967,253193.771508589,"Dec,2021",2021-12-10
2021-12-13,2828.4315789964,80,16.42,9.85,6.9,19.13,0.07,1.97,134.33,2694.1015789964,0.8980338597,2021-12-13,2828.4315789964,256022.203087586,"Dec,2021",2021-12-13
2021-12-14,1840.9856924479,80,15.43,9.26,6.48,18.84,0.06,1.85,131.92,1709.0656924479,0.5696885641,2021-12-14,1840.9856924479,257863.188780033,"Dec,2021",2021-12-14
2021-12-15,428.268607414,80,12.31,7.39,5.17,17.95,0.05,1.48,124.34,303.928607414,0.1013095358,2021-12-15,428.268607414,258291.457387447,"Dec,2021",2021-12-15
2021-12-16,3607.101962835,80,7.75,4.65,3.26,16.63,0.03,0.93,113.26,3493.841962835,1.1646139876,2021-12-16,3607.101962835,261898.559350282,"Dec,2021",2021-12-16
2021-12-17,2981.0339300873,80,19.27,11.56,8.1,19.95,0.08,2.31,141.28,2839.7539300873,0.9465846434,2021-12-17,2981.0339300873,264879.59328037,"Dec,2021",2021-12-17
2021-12-20,1814.2579921451,80,21.17,12.7,8.89,20.5,0.08,2.54,145.89,1668.3679921451,0.556122664,2021-12-20,1814.2579921451,266693.851272515,"Dec,2021",2021-12-20
2021-12-21,2357.2088883424,80,15.99,9.59,6.72,19.01,0.06,1.92,133.29,2223.9188883424,0.7413062961,2021-12-21,2357.2088883424,269051.060160857,"Dec,2021",2021-12-21
2021-12-22,-783.249070632,80,11.61,6.97,4.88,17.74,0.05,1.39,122.64,-905.889070632,-0.3019630235,2021-12-22,-783.249070632,268267.811090225,"Dec,2021",2021-12-22
2021-12-23,-2086.1257428439,80,6.82,4.09,2.86,16.36,0.03,0.82,110.99,-2197.1157428439,-0.7323719143,2021-12-23,-2086.1257428439,266181.685347381,"Dec,2021",2021-12-23
2021-12-24,1247.2966933668,80,19.3,11.58,8.11,19.96,0.08,2.32,141.34,1105.9566933668,0.3686522311,2021-12-24,1247.2966933668,267428.982040748,"Dec,2021",2021-12-24
2021-12-27,3272.1436850247,80,18.58,11.15,7.8,19.75,0.07,2.23,139.57,3132.5736850247,1.0441912283,2021-12-27,3272.1436850247,270701.125725773,"Dec,2021",2021-12-27
2021-12-28,239.2211628865,80,15.09,9.05,6.34,18.75,0.06,1.81,131.09,108.1311628865,0.036043721,2021-12-28,239.2211628865,270940.346888659,"Dec,2021",2021-12-28
2021-12-29,1930.5424549289,80,12.44,7.46,5.22,17.98,0.05,1.49,124.65,1805.8924549289,0.6019641516,2021-12-29,1930.5424549289,272870.889343588,"Dec,2021",2021-12-29
2021-12-30,1923.7206455524,80,7.51,4.51,3.15,16.56,0.03,0.9,112.66,1811.0606455524,0.6036868819,2021-12-30,1923.7206455524,274794.609989141,"Dec,2021",2021-12-30
2021-12-31,-615.2244491751,80,19.65,11.79,8.25,20.06,0.08,2.36,142.18,-757.4044491751,-0.2524681497,2021-12-31,-615.2244491751,274179.385539966,"Dec,2021",2021-12-31
2022-01-03,-4078.0460242013,80,16.41,9.85,6.89,19.13,0.07,1.97,134.32,-4212.3660242013,-1.4041220081,2022-01-03,-4078.0460242013,270101.339515764,"Jan,2022",2022-01-03
2022-01-04,-3768.0198643989,80,14.33,8.6,6.02,18.53,0.06,1.72,129.25,-3897.2698643989,-1.2990899548,2022-01-04,-3768.0198643989,266333.319651365,"Jan,2022",2022-01-04
2022-01-05,3549.0681805453,80,10.71,6.43,4.5,17.49,0.04,1.29,120.46,3428.6081805453,1.1428693935,2022-01-05,3549.0681805453,269882.387831911,"Jan,2022",2022-01-05
2022-01-06,-2316.419467597,80,8.73,5.24,3.67,16.91,0.03,1.05,115.63,-2432.049467597,-0.8106831559,2022-01-06,-2316.419467597,267565.968364314,"Jan,2022",2022-01-06
2022-01-07,-5970.6710902961,80,22.46,13.48,9.43,20.87,0.09,2.7,149.02,-6119.6910902961,-2.0398970301,2022-01-07,-5970.6710902961,261595.297274018,"Jan,2022",2022-01-07
2022-01-10,-3174.2906223771,80,19.56,11.74,8.22,20.03,0.08,2.35,141.97,-3316.2606223771,-1.1054202075,2022-01-10,-3174.2906223771,258421.006651641,"Jan,2022",2022-01-10
2022-01-11,-2644.1396011972,80,16.55,9.93,6.95,19.17,0.07,1.99,134.64,-2778.7796011972,-0.9262598671,2022-01-11,-2644.1396011972,255776.867050443,"Jan,2022",2022-01-11
2022-01-12,2974.7281876822,80,12.71,7.63,5.34,18.06,0.05,1.53,125.31,2849.4181876822,0.9498060626,2022-01-12,2974.7281876822,258751.595238126,"Jan,2022",2022-01-12
2022-01-13,-1690.0206565523,80,7.48,4.49,3.14,16.56,0.03,0.9,112.6,-1802.6206565523,-0.6008735522,2022-01-13,-1690.0206565523,257061.574581573,"Jan,2022",2022-01-13
2022-01-14,568.2636854122,80,22.09,13.25,9.28,20.76,0.09,2.65,148.12,420.1436854122,0.1400478951,2022-01-14,568.2636854122,257629.838266985,"Jan,2022",2022-01-14
2022-01-17,1660.7843959732,80,18.21,10.93,7.65,19.64,0.07,2.19,138.69,1522.0943959732,0.5073647987,2022-01-17,1660.7843959732,259290.622662959,"Jan,2022",2022-01-17
2022-01-18,-1415.3053797468,80,14.9,8.94,6.26,18.69,0.06,1.79,130.63,-1545.9353797468,-0.5153117932,2022-01-18,-1415.3053797468,257875.317283212,"Jan,2022",2022-01-18
2022-01-19,-3139.337962963,80,12.63,7.58,5.3,18.04,0.05,1.52,125.11,-3264.447962963,-1.088149321,2022-01-19,-3139.337962963,254735.979320249,"Jan,2022",2022-01-19
2022-01-20,-43.0862369338,80,6.67,4,2.8,16.32,0.03,0.8,110.63,-153.7162369338,-0.0512387456,2022-01-20,-43.0862369338,254692.893083315,"Jan,2022",2022-01-20
2022-01-21,44.2,80,22.34,13.41,9.38,20.83,0.09,2.68,148.74,-104.54,-0.0348466667,2022-01-21,44.2,254737.093083315,"Jan,2022",2022-01-21
2022-01-24,2996.8688212928,80,18.98,11.39,7.97,19.87,0.08,2.28,140.55,2856.3188212928,0.9521062738,2022-01-24,2996.8688212928,257733.961904608,"Jan,2022",2022-01-24
2022-01-25,6740.6447513128,80,22.56,13.54,9.47,20.9,0.09,2.71,149.26,6591.3847513128,2.1971282504,2022-01-25,6740.6447513128,264474.60665592,"Jan,2022",2022-01-25
2022-01-27,2905.2787769784,80,11.2,6.72,4.7,17.62,0.04,1.34,121.63,2783.6487769784,0.9278829257,2022-01-27,2905.2787769784,267379.885432899,"Jan,2022",2022-01-27
2022-01-28,1257.9171974522,80,36.41,21.85,15.29,24.89,0.15,4.37,182.96,1074.9571974522,0.3583190658,2022-01-28,1257.9171974522,268637.802630351,"Jan,2022",2022-01-28
2022-01-31,-2485.8587443946,80,33,19.8,13.86,23.9,0.13,3.96,174.66,-2660.5187443946,-0.8868395815,2022-01-31,-2485.8587443946,266151.943885957,"Jan,2022",2022-01-31
2022-02-01,-8290.8612716763,80,34.56,20.73,14.51,24.35,0.14,4.15,178.44,-8469.3012716763,-2.8231004239,2022-02-01,-8290.8612716763,257861.08261428,"Feb,2022",2022-02-01
2022-02-02,3090.102085444,80,16.31,9.79,6.85,19.1,0.07,1.96,134.07,2956.032085444,0.9853440285,2022-02-02,3090.102085444,260951.184699724,"Feb,2022",2022-02-02
2022-02-03,2956.6908026823,80,7.78,4.67,3.27,16.64,0.03,0.93,113.31,2843.3808026823,0.9477936009,2022-02-03,2956.6908026823,263907.875502407,"Feb,2022",2022-02-03
2022-02-04,-5112.6221254,80,23.91,14.34,10.04,21.29,0.1,2.87,152.54,-5265.1621254,-1.7550540418,2022-02-04,-5112.6221254,258795.253377007,"Feb,2022",2022-02-04
2022-02-07,2959.2688679245,80,20.09,12.06,8.44,20.19,0.08,2.41,143.27,2815.9988679245,0.9386662893,2022-02-07,2959.2688679245,261754.522244931,"Feb,2022",2022-02-07
2022-02-08,-704.8225782408,80,18.18,10.91,7.63,19.63,0.07,2.18,138.61,-843.4325782408,-0.2811441927,2022-02-08,-704.8225782408,261049.69966669,"Feb,2022",2022-02-08
2022-02-09,1484.4940298508,80,12.46,7.48,5.23,17.99,0.05,1.5,124.71,1359.7840298508,0.4532613433,2022-02-09,1484.4940298508,262534.193696541,"Feb,2022",2022-02-09
2022-02-10,-2279.634341637,80,9.72,5.83,4.08,17.2,0.04,1.17,118.05,-2397.684341637,-0.7992281139,2022-02-10,-2279.634341637,260254.559354904,"Feb,2022",2022-02-10
2022-02-11,-920.6851612039,80,21.84,13.1,9.17,20.69,0.09,2.62,147.52,-1068.2051612039,-0.3560683871,2022-02-11,-920.6851612039,259333.8741937,"Feb,2022",2022-02-11
2022-02-14,5278.4096958175,80,29.98,17.99,12.59,23.03,0.12,3.6,167.3,5111.1096958175,1.7037032319,2022-02-14,5278.4096958175,264612.283889518,"Feb,2022",2022-02-14
2022-02-15,-3898.262195122,80,21.34,12.8,8.96,20.54,0.09,2.56,146.29,-4044.552195122,-1.348184065,2022-02-15,-3898.262195122,260714.021694396,"Feb,2022",2022-02-15
2022-02-16,1539.0984251969,80,13.46,8.08,5.65,18.28,0.05,1.62,127.14,1411.9584251969,0.4706528084,2022-02-16,1539.0984251969,262253.120119593,"Feb,2022",2022-02-16
2022-02-17,1489.8107569721,80,8.12,4.87,3.41,16.74,0.03,0.97,114.15,1375.6607569721,0.4585535857,2022-02-17,1489.8107569721,263742.930876565,"Feb,2022",2022-02-17
2022-02-18,807.1422155689,80,29.74,17.84,12.49,22.97,0.12,3.57,166.73,640.4122155689,0.2134707385,2022-02-18,807.1422155689,264550.073092134,"Feb,2022",2022-02-18
2022-02-21,1453.2285447761,80,25.43,15.26,10.68,21.72,0.1,3.05,156.23,1296.9985447761,0.4323328483,2022-02-21,1453.2285447761,266003.30163691,"Feb,2022",2022-02-21
2022-02-22,1591.0721872308,80,24.32,14.59,10.22,21.41,0.1,2.92,153.55,1437.5221872308,0.4791740624,2022-02-22,1591.0721872308,267594.37382414,"Feb,2022",2022-02-22
2022-02-23,972.2001299237,80,14.42,8.65,6.06,18.55,0.06,1.73,129.48,842.7201299237,0.28090671,2022-02-23,972.2001299237,268566.573954064,"Feb,2022",2022-02-23
2022-02-24,3791.7639160156,80,13.7,8.22,5.76,18.35,0.05,1.64,127.73,3664.0339160156,1.2213446387,2022-02-24,3791.7639160156,272358.33787008,"Feb,2022",2022-02-24
2022-02-25,-376.7166417112,80,32.45,19.47,13.63,23.75,0.13,3.89,173.32,-550.0366417112,-0.1833455472,2022-02-25,-376.7166417112,271981.621228368,"Feb,2022",2022-02-25
2022-02-28,621.357687251,80,29.1,17.46,12.22,22.78,0.12,3.49,165.17,456.187687251,0.1520625624,2022-02-28,621.357687251,272602.978915619,"Feb,2022",2022-02-28
2022-03-02,1245.8536917563,80,25.45,15.27,10.69,21.73,0.1,3.05,156.29,1089.5636917563,0.3631878973,2022-03-02,1245.8536917563,273848.832607376,"Mar,2022",2022-03-02
2022-03-03,3232.6679030075,80,25.45,15.27,10.69,21.73,0.1,3.05,156.29,3076.3779030075,1.025459301,2022-03-03,3232.6679030075,277081.500510383,"Mar,2022",2022-03-03
2022-03-04,-319.4927325581,80,25.45,15.27,10.69,21.73,0.1,3.05,156.29,-475.7827325581,-0.1585942442,2022-03-04,-319.4927325581,276762.007777825,"Mar,2022",2022-03-04
2022-03-07,-1652.16968,80,25.45,15.27,10.69,21.73,0.1,3.05,156.29,-1808.45968,-0.6028198933,2022-03-07,-1652.16968,275109.838097825,"Mar,2022",2022-03-07
2022-03-08,-6115.249070632,80,32.41,19.45,13.61,23.73,0.13,3.89,173.22,-6288.469070632,-2.0961563569,2022-03-08,-6115.249070632,268994.589027193,"Mar,2022",2022-03-08
2022-03-09,4885.2118099167,80,23.43,14.06,9.84,21.15,0.09,2.81,151.37,4733.8418099167,1.57794727,2022-03-09,4885.2118099167,273879.80083711,"Mar,2022",2022-03-09
2022-03-10,-3060.9276027309,80,12.13,7.28,5.09,17.89,0.05,1.46,123.89,-3184.8176027309,-1.0616058676,2022-03-10,-3060.9276027309,270818.873234379,"Mar,2022",2022-03-10
2022-03-11,-1404.5169881657,80,34.84,20.9,14.63,24.43,0.14,4.18,179.13,-1583.6469881657,-0.5278823294,2022-03-11,-1404.5169881657,269414.356246213,"Mar,2022",2022-03-11
2022-03-14,549.0072,80,31.59,18.95,13.27,23.5,0.13,3.79,171.23,377.7772,0.1259257333,2022-03-14,549.0072,269963.363446213,"Mar,2022",2022-03-14
2022-03-15,1578.4252610442,80,28,16.8,11.76,22.46,0.11,3.36,162.5,1415.9252610442,0.471975087,2022-03-15,1578.4252610442,271541.788707257,"Mar,2022",2022-03-15
2022-03-16,2125.8733828125,80,20.77,12.46,8.72,20.38,0.08,2.49,144.91,1980.9633828125,0.6603211276,2022-03-16,2125.8733828125,273667.66209007,"Mar,2022",2022-03-16
2022-03-17,2403.231890625,80,9.57,5.74,4.02,17.16,0.04,1.15,117.67,2285.561890625,0.7618539635,2022-03-17,2403.231890625,276070.893980695,"Mar,2022",2022-03-17
2022-03-21,-1.894606898,80,27.46,16.47,11.53,22.31,0.11,3.29,161.18,-163.074606898,-0.0543582023,2022-03-21,-1.894606898,276068.999373797,"Mar,2022",2022-03-21
2022-03-22,-4231.0083755357,80,23.45,14.07,9.85,21.15,0.09,2.81,151.43,-4382.4383755357,-1.4608127918,2022-03-22,-4231.0083755357,271837.990998261,"Mar,2022",2022-03-22
2022-03-23,2234.4306706015,80,15.82,9.49,6.64,18.96,0.06,1.9,132.87,2101.5606706015,0.7005202235,2022-03-23,2234.4306706015,274072.421668862,"Mar,2022",2022-03-23
2022-03-24,183.7289183975,80,10.25,6.15,4.31,17.35,0.04,1.23,119.34,64.3889183975,0.0214629728,2022-03-24,183.7289183975,274256.15058726,"Mar,2022",2022-03-24
2022-03-25,-45.9433333333,80,29.55,17.73,12.41,22.91,0.12,3.55,166.27,-212.2133333333,-0.0707377778,2022-03-25,-45.9433333333,274210.207253927,"Mar,2022",2022-03-25
2022-03-28,-6173.1001945525,80,25.08,15.05,10.53,21.62,0.1,3.01,155.4,-6328.5001945525,-2.1095000649,2022-03-28,-6173.1001945525,268037.107059374,"Mar,2022",2022-03-28
2022-03-29,-1907.2196691177,80,25.08,15.05,10.53,21.62,0.1,3.01,155.4,-2062.6196691177,-0.6875398897,2022-03-29,-1907.2196691177,266129.887390256,"Mar,2022",2022-03-29
2022-03-30,545.236971926,80,14.67,8.8,6.16,18.62,0.06,1.76,130.07,415.166971926,0.1383889906,2022-03-30,545.236971926,266675.124362182,"Mar,2022",2022-03-30
2022-03-31,-2409.9015743149,80,7.4,4.44,3.11,16.53,0.03,0.89,112.4,-2522.3015743149,-0.8407671914,2022-03-31,-2409.9015743149,264265.222787868,"Mar,2022",2022-03-31
2022-04-01,1936.8953488372,80,7.4,4.44,3.11,16.53,0.03,0.89,112.4,1824.4953488372,0.6081651163,2022-04-01,1936.8953488372,266202.118136705,"Apr,2022",2022-04-01
2022-04-04,4033.8882810773,80,19.06,11.43,8,19.89,0.08,2.29,140.75,3893.1382810773,1.2977127604,2022-04-04,4033.8882810773,270236.006417782,"Apr,2022",2022-04-04
2022-04-05,-3412.9900898204,80,17.5,10.5,7.35,19.44,0.07,2.1,136.96,-3549.9500898204,-1.1833166966,2022-04-05,-3412.9900898204,266823.016327962,"Apr,2022",2022-04-05
2022-04-06,-3340.2913360663,80,13.05,7.83,5.48,18.16,0.05,1.57,126.13,-3466.4213360663,-1.1554737787,2022-04-06,-3340.2913360663,263482.724991895,"Apr,2022",2022-04-06
2022-04-07,2373.6599374127,80,6.9,4.14,2.9,16.39,0.03,0.83,111.19,2262.4699374127,0.7541566458,2022-04-07,2373.6599374127,265856.384929308,"Apr,2022",2022-04-07
2022-04-08,1962.1794992544,80,24.14,14.49,10.14,21.35,0.1,2.9,153.12,1809.0594992544,0.6030198331,2022-04-08,1962.1794992544,267818.564428562,"Apr,2022",2022-04-08
2022-04-11,-78.7125240658,80,17.7,10.62,7.43,19.5,0.07,2.12,137.44,-216.1525240658,-0.0720508414,2022-04-11,-78.7125240658,267739.851904497,"Apr,2022",2022-04-11
2022-04-12,1999.4870868498,80,12.82,7.69,5.38,18.09,0.05,1.54,125.58,1873.9070868498,0.6246356956,2022-04-12,1999.4870868498,269739.338991346,"Apr,2022",2022-04-12
2022-04-13,2611.1034332295,80,6.78,4.07,2.85,16.35,0.03,0.81,110.9,2500.2034332295,0.8334011444,2022-04-13,2611.1034332295,272350.442424576,"Apr,2022",2022-04-13
2022-04-18,598.2035767235,80,20.87,12.52,8.76,20.41,0.08,2.5,145.14,453.0635767235,0.1510211922,2022-04-18,598.2035767235,272948.6460013,"Apr,2022",2022-04-18
2022-04-19,-2336.8311070229,80,15.28,9.17,6.42,18.8,0.06,1.83,131.55,-2468.3811070229,-0.8227937023,2022-04-19,-2336.8311070229,270611.814894277,"Apr,2022",2022-04-19
2022-04-20,-2371.6580637039,80,12.51,7.51,5.25,18,0.05,1.5,124.82,-2496.4780637039,-0.8321593546,2022-04-20,-2371.6580637039,268240.156830573,"Apr,2022",2022-04-20
2022-04-21,-2106.8731717714,80,6.7,4.02,2.81,16.33,0.03,0.8,110.69,-2217.5631717714,-0.7391877239,2022-04-21,-2106.8731717714,266133.283658801,"Apr,2022",2022-04-21
2022-04-22,800.3846224678,80,20.42,12.25,8.58,20.28,0.08,2.45,144.07,656.3146224678,0.2187715408,2022-04-22,800.3846224678,266933.668281269,"Apr,2022",2022-04-22
2022-04-25,-457.351744186,80,20.37,12.22,8.56,20.27,0.08,2.44,143.94,-601.291744186,-0.2004305814,2022-04-25,-457.351744186,266476.316537083,"Apr,2022",2022-04-25
2022-04-26,-366.674196236,80,15.66,9.4,6.58,18.91,0.06,1.88,132.48,-499.154196236,-0.1663847321,2022-04-26,-366.674196236,266109.642340847,"Apr,2022",2022-04-26
2022-04-27,299.2802491103,80,11.94,7.16,5.01,17.84,0.05,1.43,123.43,175.8502491103,0.0586167497,2022-04-27,299.2802491103,266408.922589957,"Apr,2022",2022-04-27
2022-04-28,-1869.5354338457,80,6.76,4.05,2.84,16.35,0.03,0.81,110.83,-1980.3654338457,-0.6601218113,2022-04-28,-1869.5354338457,264539.387156112,"Apr,2022",2022-04-28
